"PROD_ID","BRAND","PRICE","RESOLUTION","TV_TYPES","REFRESH","CODE","ORIGINAL_DESCRIPTION","UNPARSED"
99369,"Insignia",,"1080P","LCD","60HZ","","INSIGNIA 40 CLASS LCD 1080P 60HZ HDTV","40 CLASS HDTV"
99370,"Samsung",,"1080P","LED","120HZ","","SAMSUNG 40 CLASS LED 1080P 120HZ SMART HDTV","40 CLASS SMART HDTV"
99371,"Samsung",,"1080P","LED","120HZ","","SAMSUNG 40 CLASS LED 1080P 120HZ HDTV","40 CLASS HDTV"
99372,"Westinghouse",,"1080P","LCD","60HZ","","WESTINGHOUSE 40 CLASS LCD 1080P 60HZ HDTV","WESTINGHOUSE 40 CLASS HDTV"
99373,"Samsung",,"1080P","LCD","120HZ","","SAMSUNG 40 CLASS LCD 1080P 120HZ HDTV","40 CLASS HDTV"
99374,"Dynex",,"1080P","LCD","60HZ","","DYNEX 40 CLASS LCD 1080P 60HZ HDTV","40 CLASS HDTV"
99375,"Samsung",,"1080P","LCD","60HZ","","SAMSUNG 40 CLASS LCD 1080P 60HZ HDTV","40 CLASS HDTV"
99376,"Samsung",,"1080P","LED","120HZ","3D","SAMSUNG 40 CLASS LED 1080P 120HZ SMART 3D HDTV","40 CLASS SMART HDTV"
99377,"Samsung",,"1080P","LED","120HZ","3D","SAMSUNG 40 CLASS LED 1080P 120HZ SMART 3D HDTV","40 CLASS SMART HDTV"
99378,"Samsung",,"1080P","LCD","60HZ","","SAMSUNG 40 CLASS LCD 1080P 60HZ HDTV","40 CLASS HDTV"
99379,"Toshiba",,"1080P","LCD","60HZ","","TOSHIBA 40 CLASS LCD 1080P 60HZ HDTV","40 CLASS HDTV"
99380,"Philips",,"1080P","LCD","60HZ","","PHILIPS 40 CLASS LCD 1080P 60HZ HDTV","PHILIPS 40 CLASS HDTV"
99381,"Dynex",,"1080P","LCD","60HZ","","DYNEX 40 CLASS LCD 1080P 60HZ HDTV","40 CLASS HDTV"
99382,"Samsung",,"1080P","LED","120HZ","","SAMSUNG 40 CLASS LED 1080P 120HZ SMART HDTV","40 CLASS SMART HDTV"
99383,"Sony",,"1080P","LCD","60HZ","","SONY BRAVIA 40 CLASS LCD 1080P 60HZ HDTV","BRAVIA 40 CLASS HDTV"
99384,"Toshiba",,"1080P","LED","60HZ","","TOSHIBA 40 CLASS LED 1080P 60HZ HDTV","40 CLASS HDTV"
99385,"Toshiba",,"1080P","LCD","60HZ","","TOSHIBA 40 CLASS LCD 1080P 60HZ HDTV","40 CLASS HDTV"
99386,"Synnex",,"1080P","LCD","","400CXN2","SYNNEX SYNCMASTER 400CXN2 40 1080P LCD TV 169 HDTV 1080P GLOSSY BLACK","40 TV 169 HDTV GLOSSY BLACK"
99387,"Samsung",,"1080P","LED","120HZ","3D","SAMSUNG 40 CLASS LED 1080P 120HZ 3D HDTV","40 CLASS HDTV"
99388,"Coby",,"1080P","LCD","60HZ","","COBY 40 CLASS LCD 1080P 60HZ HDTV","40 CLASS HDTV"
99389,"Westinghouse",,"1080P","LED","120HZ","","WESTINGHOUSE 40 CLASS LED 1080P 120HZ HDTV","WESTINGHOUSE 40 CLASS HDTV"
99390,"Sony",,"1080P","LCD","","KDL40EX400H","SONY BRAVIA KDL40EX400H 40 1080P LCD TV HDTV 1080P","BRAVIA 40 TV HDTV"
99391,"Orion America",,"1080P","LCD","","HDLCD4050","ORION AMERICATELEVISIONS HDLCD4050 40 1080P LCD TV 169 HDTV 1080P BLACK","AMERICATELEVISIONS 40 TV 169 HDTV BLACK"
99392,"Coby",,"1080P 1080P","LCD","","TFTV4028","COBY TFTV4028 40 LCD TV 169 HDTV 1080P 1080P","40 TV 169 HDTV"
99393,"Haier",,"1080P","","","LE40C13800","HAIER LE40C13800 40 1080P LEDLCD TV 169 GLOSSY BLACK","40 LEDLCD TV 169 GLOSSY BLACK"
99394,"Phillips",,"1080P","LED","120HZ","","PHILLIPS 40 CLASS LED 1080P 120HZ SMART HDTV","PHILLIPS 40 CLASS SMART HDTV"
99395,"Panasonic",1099.99,"1080P","PLASMA","600HZ","3D","PANASONIC 42 CLASS PLASMA 1080P 600HZ SMART 3D HDTV","42 CLASS SMART HDTV"
99396,"Insignia",499.99,"1080P","LED","120HZ","","INSIGNIA 42 CLASS LED 1080P 120HZ HDTV","42 CLASS HDTV"
99397,"Insignia",549.99,"1080P","LCD","120HZ","","INSIGNIA 42 CLASS 1080P 120HZ LCD HDTV","42 CLASS HDTV"
99398,"LG",549.99,"720P","PLASMA","600HZ","","LG 42 CLASS PLASMA 720P 600HZ HDTV","42 CLASS HDTV"
99399,"Westinghouse",599.99,"1080P","LED","120HZ","","WESTINGHOUSE 42 CLASS LED 1080P 120HZ HDTV","WESTINGHOUSE 42 CLASS HDTV"
99400,"Panasonic",599.99,"720P","PLASMA","600HZ","","PANASONIC 42 CLASS PLASMA 720P 600HZ SMART HDTV","42 CLASS SMART HDTV"
99401,"LG",649.99,"1080P","LCD","120HZ","","LG 42 CLASS LCD 1080P 120HZ HDTV","42 CLASS HDTV"
99402,"Insignia",699.99,"1080P","LED","120HZ","","INSIGNIA CONNECTED TV 42 CLASS LED 1080P 120HZ SMART HDTV","CONNECTED TV 42 CLASS SMART HDTV"
99403,"LG",799.99,"1080P","LCD","120HZ","","LG 42 CLASS LCD 1080P 120HZ HDTV","42 CLASS HDTV"
99404,"Panasonic",849.99,"1080P","LED","120HZ","","PANASONIC VIERA 42 CLASS LED 1080P 120HZ SMART HDTV","VIERA 42 CLASS SMART HDTV"
99405,"Panasonic",999.99,"1080P","LED","120HZ","3D","PANASONIC 42 CLASS LED 1080P 120HZ 3D HDTV","42 CLASS HDTV"
99406,"Insignia",,"720P","PLASMA","600HZ","","INSIGNIA 42 CLASS PLASMA 720P 600HZ HDTV","42 CLASS HDTV"
99407,"RCA",,"720P","PLASMA","600HZ","","RCA 42 CLASS PLASMA 720P 600HZ HDTV","42 CLASS HDTV"
99408,"LG",,"1080P","LCD","60HZ","","LG 42 CLASS LCD 1080P 60HZ HDTV","42 CLASS HDTV"
99409,"Dynex",,"1080P","LED","60HZ","","DYNEX 42 CLASS LED 1080P 60HZ HDTV","42 CLASS HDTV"
99410,"LG",,"1080P","LCD","60HZ","","LG 42 CLASS LCD 1080P 60HZ HDTV","42 CLASS HDTV"
99411,"LG",,"1080P","LED","120HZ","3D","LG 42 CLASS LED 1080P 120HZ SMART 3D HDTV","42 CLASS SMART HDTV"
99412,"Insignia",,"1080P","LED","60HZ","","INSIGNIA 42 CLASS LED 1080P 60HZ HDTV","42 CLASS HDTV"
99413,"LG",,"1080P","LED","120HZ","3D","LG 42 CLASS LED 1080P 120HZ 3D HDTV","42 CLASS HDTV"
99414,"Panasonic",,"1080P","LED","60HZ","","PANASONIC 42 CLASS LED 1080P 60HZ SMART HDTV","42 CLASS SMART HDTV"
99415,"Sharp",,"1080P","LCD","60HZ","","SHARP 42 CLASS LCD 1080P 60HZ HDTV","42 CLASS HDTV"
99416,"LG",,"1080P","LED","120HZ","","LG 42 CLASS LED 1080P 120HZ SMART HDTV","42 CLASS SMART HDTV"
99417,"LG",,"1080P","LCD","","42LD6DDH","LG 42LD6DDH 42 1080P LCD TV 169 HDTV 1080P MATTE BLACK","42 TV 169 HDTV MATTE BLACK"
99418,"SCEPTRE",,"1080P","","","E420BVF120","SCEPTRE E420BVF120 42 1080P LEDLCD TV 169 HDTV 1080P GLOSSY BLACK","42 LEDLCD TV 169 HDTV GLOSSY BLACK"
99419,"LG",,"720P","PLASMA","","42PT350C","LG 42PT350C 42 720P PLASMA TV 169 HDTV 600 HZ GLOSSY BLACK","42 TV 169 HDTV 600 HZ GLOSSY BLACK"
99559,"Samsung",,"1080P","LED","120HZ","","SAMSUNG 60 CLASS LED 1080P 120HZ HDTV","60 CLASS HDTV"
99560,"Samsung",,"1080P","LED","240HZ","3D","SAMSUNG 60 CLASS LED 1080P 240HZ SMART 3D HDTV","60 CLASS SMART HDTV"
99561,"Sony",,"1080P","LED","120HZ","3D","SONY 60 CLASS LED 1080P 120HZ SMART 3D HDTV","60 CLASS SMART HDTV"
99562,"Samsung",,"1080P","PLASMA","600HZ","3D","SAMSUNG 60 CLASS PLASMA 1080P 600HZ SMART 3D HDTV","60 CLASS SMART HDTV"
99563,"Samsung",,"1080P","LED","120HZ","3D","SAMSUNG 60 CLASS LED 1080P 120HZ SMART 3D HDTV","60 CLASS SMART HDTV"
99564,"Samsung",,"1080P","PLASMA","600HZ","3D","SAMSUNG 60 CLASS PLASMA 1080P 600HZ SMART 3D HDTV","60 CLASS SMART HDTV"
99565,"Samsung",,"1080P","PLASMA","600HZ","3D","SAMSUNG 60 CLASS PLASMA 1080P VERTICAL 600HZ 3D HDTV","60 CLASS VERTICAL HDTV"
99566,"Sony",,"1080P","LED","120HZ","3D","SONY BRAVIA 60 CLASS LED 1080P 120HZ SMART 3D HDTV","BRAVIA 60 CLASS SMART HDTV"
99567,"LG",,"1080P","PLASMA","600HZ","3D","LG 60 CLASS PLASMA 1080P 600HZ SMART 3D HDTV","LG 60 CLASS SMART HDTV"
99568,"Samsung",,"1080P","","","UN60D6400","SAMSUNG UN60D6400 60 3D 1080P LEDLCD TV 169 120 HZ BLACK SILVER","60 LEDLCD TV 169 120 HZ BLACK SILVER"
99569,"Mitsubishi",,"1080P","DLP","","WD60738","MITSUBISHI WD60738 60 DLP 1080P PROJECTION TV 169 HDTV 1080P PLATINUM BLACK","60 PROJECTION TV 169 HDTV PLATINUM BLACK"
99570,"Samsung",1999.99,"1080P","PLASMA","600HZ","3D","SAMSUNG REFURBISHED 63 CLASS PLASMA 1080P 600HZ SMART 3D HDTV","REFURBISHED 63 CLASS SMART HDTV"
99571,"Samsung",,"1080P","PLASMA","600HZ","3D","SAMSUNG 64 CLASS PLASMA 1080P 600HZ SMART 3D HDTV","64 CLASS SMART HDTV"
99572,"Samsung",,"1080P","PLASMA","600HZ","3D","SAMSUNG 64 CLASS PLASMA 1080P 600HZ SMART 3D HDTV","64 CLASS SMART HDTV"
99573,"Samsung",,"1080P","PLASMA","600HZ","3D","SAMSUNG 64 CLASS PLASMA 1080P 600HZ SMART 3D HDTV","64 CLASS SMART HDTV"
99574,"Mitsubishi",1199.99,"1080P","DLP","60HZ","","MITSUBISHI HOME CINEMA 65 CLASS DLP 1080P 60HZ HDTV","MITSUBISHI HOME CINEMA 65 CLASS HDTV"
99575,"Sony",4099.98,"1080P","LED","240HZ","3D","SONY BRAVIA LED 65 CLASS 1080P 240HZ SMART 3D HDTV","BRAVIA 65 CLASS SMART HDTV"
99576,"Sony",5499.98,"1080P","LED","240HZ","3D","SONY BRAVIA LED 65 CLASS 1080P 240HZ SMART 3D HDTV","BRAVIA 65 CLASS SMART HDTV"
99577,"Panasonic",,"1080P","PLASMA","600HZ","3D","PANASONIC VIERA 65 CLASS PLASMA 1080P 600HZ SMART 3D HDTV","VIERA 65 CLASS SMART HDTV"
99578,"Samsung",,"1080P","LED","240HZ","3D","SAMSUNG 65 CLASS LED 1080P 240HZ SMART 3D HDTV","65 CLASS SMART HDTV"
99579,"AZEND GROUP CORP",,"","LCD","","HR701","AZEND GROUP CORP HR701 7 LCD TV","GROUP CORP 7 TV"
99580,"Sharp",2499.99,"1080P","LED","120HZ","","SHARP AQUOS 70 CLASS LED 1080P 120HZ SMART HDTV","AQUOS 70 CLASS SMART HDTV"
99581,"Sharp",3199.99,"1080P","LED","240HZ","3D","SHARP AQUOS 70 CLASS LED 1080P 240HZ SMART 3D HDTV","AQUOS 70 CLASS SMART HDTV"
99582,"Elite",7999.98,"1080P","LED","240HZ","3D","ELITE 70 CLASS LED 1080P 240HZ SMART 3D HDTV","ELITE 70 CLASS SMART HDTV"
99583,"Sharp",,"1080P","LED","120HZ","","SHARP AQUOS 70 CLASS LED 1080P 120HZ SMART HDTV","AQUOS 70 CLASS SMART HDTV"
99584,"Sharp",,"1080P","","","LC70LE632U","SHARP AQUOS LC70LE632U 70 1080P LEDLCD TV 169 HDTV 1080P 120 HZ PIANO BLACK","AQUOS 70 LEDLCD TV 169 HDTV 120 HZ PIANO BLACK"
99585,"Sharp",,"1080P","LED","120HZ","3D","SHARP AQUOS 70 CLASS LED 1080P 120HZ SMART 3D HDTV","AQUOS 70 CLASS SMART HDTV"
99586,"Mitsubishi",,"1080P","DLP","120HZ","3D","MITSUBISHI HOME CINEMA 73 CLASS DLP PROJECTION 1080P 120HZ SMART 3D HDTV","MITSUBISHI HOME CINEMA 73 CLASS PROJECTION SMART HDTV"
99587,"Mitsubishi",,"1080P","DLP","120HZ","3D","MITSUBISHI HOME CINEMA 73 CLASS DLP PROJECTION 1080P 120HZ 3D HDTV","MITSUBISHI HOME CINEMA 73 CLASS PROJECTION HDTV"
99588,"Venturer",182.99,"480I","LCD","60HZ","","VENTURER 8 CLASS LCD 480I 60HZ UNDERCABINET TV DVD COMBO","8 CLASS UNDERCABINET TV DVD COMBO"
99589,"Sharp",4499.99,"1080P","LED","120HZ","","SHARP AQUOS 80 CLASS LED 1080P 120HZ SMART HDTV","AQUOS 80 CLASS SMART HDTV"
99590,"Sharp",,"1080P","LED","240HZ","3D","SHARP AQUOS 80 CLASS LED 1080P 240HZ SMART 3D HDTV","AQUOS 80 CLASS SMART HDTV"
99591,"Mitsubishi",,"1080P","DLP","120HZ","3D","MITSUBISHI HOME CINEMA 82 CLASS DLP PROJECTION 1080P 120HZ SMART 3D HDTV","MITSUBISHI HOME CINEMA 82 CLASS PROJECTION SMART HDTV"
99592,"Mitsubishi",3999.99,"1080P","DLP","120HZ","3D","MITSUBISHI DIAMOND HOME CINEMA 92 CLASS DLP PROJECTION 1080P 120HZ 3D HDTV","DIAMOND HOME CINEMA 92 CLASS PROJECTION HDTV"
99593,"Coby",149.99,"","LCD","","","COBY 19 WIDESCREEN LCD MULTIFUNCTION HDTV MONITOR","19 WIDESCREEN MULTIFUNCTION HDTV MONITOR"
99594,"Venturer",369.96,"","","","","VENTURER UNDERTHECABINET DVD PLAYER WITH 10 TFTLCD DISPLAY SILVER","UNDERTHECABINET DVD PLAYER WITH 10 TFTLCD DISPLAY SILVER"
99595,"Supersonic",,"720P","","","SC1312","SUPERSONIC SC1312 133 TVDVD COMBO HDTV 169 1366 X 768 720P","133 TVDVD COMBO HDTV 169 1366 X 768"
99596,"Roadview",,"","LCD","","RHF90","ROADVIEW RHF90 9 ACTIVE MATRIX TFT LCD CAR DISPLAY BLACK","9 ACTIVE MATRIX TFT CAR DISPLAY BLACK"
99597,"GPX",,"","","","TDE1380B","GPX TDE1380B 133 TVDVD COMBO HDTV 169 1280 X 800","133 TVDVD COMBO HDTV 169 1280 X 800"
99598,"Panasonic",,"","PLASMA","","TH65VX100U","PANASONIC TH65VX100U 65 PLASMA DISPLAY 169 BLACK","65 DISPLAY 169 BLACK"
99599,"Chief Manufacturing",,"","","","","CHIEF MANUFACTURING PWRSKUS MOUNTING ARM FOR FLAT PANEL DISPLAY SILVER","PWRSKUS MOUNTING ARM FOR FLAT PANEL DISPLAY SILVER"
99600,"Panasonic",,"","PLASMA","","TH50PH30U","PANASONIC TH50PH30U 50 PLASMA DISPLAY 169 BLACK","50 DISPLAY 169 BLACK"
99601,"Coby",,"","","","","COBY UNDERTHECABINET DVD PLAYER WITH 1558 WIDESCREEN TFT DISPLAY SILVER","UNDERTHECABINET DVD PLAYER WITH 1558 WIDESCREEN TFT DISPLAY SILVER"
90001,"iPod",,"","","","2GB","NANO 2GB SILVER","NANO SILVER"
90002,"iPod",,"","","","4GB","NANO 4GB SLVR","NANO SLVR"
90003,"IPOD",,"","","","4GB","NANO GREEN 4GB","NANO GREEN"
90004,"iPod",,"","","","4GB","NANO 4GB GREEN","NANO GREEN"
90005,"iPod",,"","","","4GB","NANO 4GB GREEN","NANO GREEN"
90007,"D2G",,"","","","","EARPHONES BLACK","EARPHONES BLACK"
90008,"D2G",,"","","","","USB 20 CABLE","USB 20 CABLE"
90009,"D2G",,"","","","","DOCK ADAPTER","DOCK ADAPTER"
90010,"iPod",,"","","","4GB","NANO 4GB BLU","NANO BLU"
90011,"iPod",,"","","","8GB","NANO 8GB BLACK","NANO BLACK"
90012,"IPOD",,"","","","8GB","NANO BLACK 8GB","NANO BLACK"
90013,"iPOD",,"","","","4GB","4GB NANO SPECIAL EDITION RED","NANO SPECIAL EDITION RED"
90014,"D2G",,"","","","","CARRYING CASE","CARRYING CASE"
90015,"D2G",,"","","","","CARRYING CASE","CARRYING CASE"
90016,"iPod",,"","","","2GB","NANO SILVER 2GB","NANO SILVER"
90017,"iPod",,"","","","8GB","NANO SPECIAL EDITION 8GB RED","NANO SPECIAL EDITION RED"
90018,"d2g",,"","","","","USB POWER ADAPTER","USB POWER ADAPTER"
90019,"iPod",,"","","","1GB","SHUFFLE 1GB BLUE","SHUFFLE BLUE"
90020,"iPOD",,"","","","1GB","SHUFFLE GREEN 1GB","SHUFFLE GREEN"
90021,"d2g",,"","","","","ARM BAND CARRYING CASE","ARM BAND CARRYING CASE"
90022,"iPod",,"","","","30GB","30GB BLACK","BLACK"
90023,"iPod",,"","","","8GB","NANO 8GB PINK","NANO PINK"
90024,"iPod",,"","","","1GB","SHUFFLE 1GB SILVER","SHUFFLE SILVER"
90025,"iPod",,"","","","","NANO DOCK","NANO DOCK"
90026,"iPod",,"","","","4GB","NANO 4GB SILVER","NANO SILVER"
90027,"iPod",,"","","","1GB","SHUFFLE ORANGE 1GB","SHUFFLE ORANGE"
90028,"D2G",,"","","","","CAR CHARGER","CAR CHARGER"
90029,"iPod",,"","","","80GB","80GB SLVR","SLVR"
90030,"iPod",,"","","","","30 GB WHITE","30 GB WHITE"
90031,"d2g",,"","","","","CASSETTE ADAPTER","CASSETTE ADAPTER"
90032,"D2G",,"","","","","USB POWER ADAPTER","USB POWER ADAPTER"
90033,"iPod",,"","","","1GB","SHUFFLE 1GB PINK","SHUFFLE PINK"
90034,"iPOD",,"","","","80GB","80GB BLACK","BLACK"
90035,"iPod",,"","","","1GB","SHUFFLE 1GB PINK","SHUFFLE PINK"
90036,"iPod",,"","","","80GB","80GB BLACK","BLACK"
90037,"d2g",,"","","","","DOCKING STATION","DOCKING STATION"
90038,"d2g",,"","","","","ACCESSORY KIT","ACCESSORY KIT"
90039,"iPod",,"","","","80GB","80GB WHITE","WHITE"
90040,"iPod",,"","","","","CAR MOUNT","CAR MOUNT"
90041,"Ipod",,"","","","","FM TRANSMITTER","FM TRANSMITTER"
90042,"iPod",,"","","","","LEATHER CARRYING CASE","LEATHER CARRYING CASE"
90043,"D2G",,"","","","","SPORT ARMBAND","SPORT ARMBAND"
90044,"iPod",,"","","","","80 GB WHITE","80 GB WHITE"
90045,"iPOD",,"","","","","80 GB BLACK","80 GB BLACK"
90046,"iPod",,"","","","","30 GB WHITE","30 GB WHITE"
90047,"ipod",,"","","","","30 GB BLACK","30 GB BLACK"
99100,"iPod",,"","","","","NANO 1 GB BLACK","NANO 1 GB BLACK"
99101,"iPod",,"","","","","NANO 1 GB WHITE","NANO 1 GB WHITE"
99102,"iPod",,"","","","","NANO 1 GB RED","NANO 1 GB RED"
99103,"iPod",,"","","","","NANO 1 GB SLVR","NANO 1 GB SLVR"
99201,"D2G",,"","","","","WATERPROOF CASE","WATERPROOF CASE"
99202,"D2G",,"","","","","HEADPHONE SPLITTER","HEADPHONE SPLITTER"
99204,"iPod",,"","","","","8 GB ITOUCH","8 GB ITOUCH"
99205,"iPod",,"","","","16GB","16GB ITOUCH","ITOUCH"
99206,"Pyle",169.99,"","LCD","","PLVW10IW","PYLE PLVW10IW 104 LCD TV 43","PYLE 104 TV 43"
99207,"Venturer Electronics",174.99,"","","","KLV39150","VENTURER ELECTRONICS KLV39150 15 TVDVD COMBO 169 1280 X 900","VENTURER ELECTRONICS 15 TVDVD COMBO 169 1280 X 900"
99208,"Pyle",179.99,"720P","LCD","","PTC155LC","PYLE PTC155LC 156 720P LCD TV 169 HDTV","PYLE 156 TV 169 HDTV"
99209,"Pyle",179.99,"","","","PTC166LD","PYLE PTC166LD 16 TVDVD COMBO HDTV 169 1366 X 768","PYLE 16 TVDVD COMBO HDTV 169 1366 X 768"
99210,"Pyle",169.99,"720P","LCD","","PTC177LC","PYLE PTC177LC 17 720P LCD TV 169 HDTV","PYLE 17 TV 169 HDTV"
99211,"GPX",174.99,"720P","LCD","","TL1920B","GPX TL1920B 185 720P LCD TV 169 HDTV","GPX 185 TV 169 HDTV"
99212,"RCA",179.99,"720P","LCD","60HZ","","RCA 19 CLASS LCD 720P 60HZ HDTV DVD COMBO","19 CLASS HDTV DVD COMBO"
99213,"Haier",179.99,"720P","LED","60HZ","","HAIER 19 CLASS LED 720P 60HZ HDTV DVD COMBO","19 CLASS HDTV DVD COMBO"
99214,"Toshiba",169.99,"720P","LED","60HZ","","TOSHIBA 19 CLASS LED 720P 60HZ HDTV","19 CLASS HDTV"
99215,"iSymphony",174.99,"720P","LED","60HZ","","ISYMPHONY 19 CLASS LED 720P 60HZ LEDLCD HDTV DVD COMBO","ISYMPHONY 19 CLASS LEDLCD HDTV DVD COMBO"
99216,"Samsung",179.99,"720P","LED","60HZ","","SAMSUNG 19 CLASS LED 720P 60HZ HDTV","19 CLASS HDTV"
99217,"Dynex",179.99,"720P","LCD","60HZ","","DYNEX 19 CLASS LCD 720P 60HZ HDTV DVD COMBO","19 CLASS HDTV DVD COMBO"
99284,"RCA",,"720P","LCD","60HZ","","RCA 26 CLASS 720P 60HZ LCD HDTV DVD COMBO","26 CLASS HDTV DVD COMBO"
99285,"Haier",,"720P","","","LE26B13200","HAIER LE26B13200 26 720P LEDLCD TV 169 HDTV BLACK","26 LEDLCD TV 169 HDTV BLACK"
99286,"Magnavox",,"720P","","","26MD301B","MAGNAVOX 26MD301B 26 TVDVD COMBO HDTV 169 1366 X 768 720P","MAGNAVOX 26 TVDVD COMBO HDTV 169 1366 X 768"
99287,"Sansui",,"720P","","","HDLCDVD265","SANSUI HDLCDVD265 26 TVDVD COMBO 169 1366 X 768 720P","SANSUI 26 TVDVD COMBO 169 1366 X 768"
99288,"Pyle",,"720P","LCD","","PTC26LC","PYLE PTC26LC 26 720P LCD TV 169 HDTV","PYLE 26 TV 169 HDTV"
99289,"Haier",,"720P","LCD","","L26B1120","HAIER L26B1120 26 720P LCD TV 169 HDTV BLACK","26 TV 169 HDTV BLACK"
99290,"Sanus",,"720P","LCD","","HDLCD2650","SANUS HDLCD2650 26 720P LCD TV 169 HDTV BLACK","SANUS 26 TV 169 HDTV BLACK"
99291,"Coby",,"720P","LCD","","TFTV3229","COBY TFTV3229 315 720P LCD TV 169 HDTV","315 TV 169 HDTV"
99292,"SunBriteTV",1999.99,"720P","LCD","","","SUNBRITETV 32 CLASS LCD 720P OUTDOOR HDTV","SUNBRITETV 32 CLASS OUTDOOR HDTV"
99293,"SunBriteTV",2499.99,"720P","LCD","60HZ","","SUNBRITETV 32 CLASS LCD 720P 60HZ OUTDOOR HDTV GRAY","SUNBRITETV 32 CLASS OUTDOOR HDTV GRAY"
99294,"Ciil",2499.99,"720P","LCD","60HZ","","CIIL ULTRAVIEW 32 CLASS LCD 720P 60HZ HDTV","CIIL ULTRAVIEW 32 CLASS HDTV"
99295,"Insignia",269.99,"720P","LCD","60HZ","","INSIGNIA 32 CLASS LCD 720P 60HZ HDTV","32 CLASS HDTV"
99296,"Insignia",279.99,"1080P","LCD","60HZ","","INSIGNIA 32 CLASS LCD 1080P 60HZ HDTV","32 CLASS HDTV"
99297,"RCA",279.99,"720P","LCD","60HZ","","RCA 32 CLASS LCD 720P 60HZ HDTV DVD COMBO","32 CLASS HDTV DVD COMBO"
99298,"Coby",279.99,"1080P","LCD","120HZ","","COBY 32 CLASS LCD 1080P 120HZ HDTV","32 CLASS HDTV"
99299,"Insignia",299.99,"720P","LED","60HZ","","INSIGNIA 32 CLASS LED 720P 60HZ HDTV","32 CLASS HDTV"
99300,"Insignia",299.99,"720P","LCD","60HZ","","INSIGNIA 32 CLASS LCD 720P 60HZ HDTV DVD COMBO","32 CLASS HDTV DVD COMBO"
99301,"Samsung",299.99,"720P","LCD","60HZ","","SAMSUNG REFURBISHED 32 CLASS LCD 720P 60HZ HDTV","REFURBISHED 32 CLASS HDTV"
99302,"Panasonic",319.99,"720P","LCD","60HZ","","PANASONIC 32 CLASS LCD 720P 60HZ HDTV","32 CLASS HDTV"
99303,"Samsung",319.99,"720P","LCD","60HZ","","SAMSUNG REFURBISHED 32 CLASS LCD 720P 60HZ HDTV","REFURBISHED 32 CLASS HDTV"
99304,"Samsung",329.99,"720P","LCD","60HZ","","SAMSUNG 32 CLASS LCD 720P 60HZ HDTV","32 CLASS HDTV"
99305,"Sony",329.99,"720P","LCD","60HZ","","SONY 32 CLASS LCD 720P 60HZ HDTV","32 CLASS HDTV"
99306,"LG",349.99,"720P","LED","60HZ","","LG 32 CLASS LED 720P 60HZ HDTV","LG 32 CLASS HDTV"
99307,"Toshiba",349.99,"720P","LED","60HZ","","TOSHIBA 32 CLASS LED 720P 60HZ HDTV","32 CLASS HDTV"
99308,"Insignia",359.99,"720P","LCD","60HZ","","INSIGNIA 32 CLASS 720P 60HZ LCD HDTV","32 CLASS HDTV"
99309,"LG",399.99,"1080P","LCD","60HZ","","LG 32 CLASS LCD 1080P 60HZ HDTV","LG 32 CLASS HDTV"
99310,"Panasonic",399.99,"720P","LED","60HZ","","PANASONIC VIERA 32 CLASS LED 720P 60HZ HDTV","VIERA 32 CLASS HDTV"
99311,"Coby",399.99,"720P","LCD","60HZ","","COBY 32 CLASS LCD 720P 60HZ HDTV DVD COMBO","32 CLASS HDTV DVD COMBO"
99312,"Samsung",479.99,"1080P","LED","60HZ","","SAMSUNG REFURBISHED 32 CLASS LED 1080P 60HZ HDTV","REFURBISHED 32 CLASS HDTV"
99313,"Samsung",529.99,"720P","LED","60HZ","","SAMSUNG 32 CLASS LED 720P 60HZ HDTV","32 CLASS HDTV"
99314,"Dynex",,"720P","LCD","60HZ","","DYNEX 32 CLASS LCD 720P 60HZ HDTV","32 CLASS HDTV"
99315,"Toshiba",,"720P","LCD","60HZ","","TOSHIBA 32 CLASS LCD 720P 60HZ HDTV","32 CLASS HDTV"
99316,"Samsung",,"720P","LED","60HZ","","SAMSUNG 32 CLASS LED 720P 60HZ HDTV","32 CLASS HDTV"
99317,"Insignia",,"720P","LED","60HZ","","INSIGNIA 32 CLASS LED 720P 60HZ HDTV","32 CLASS HDTV"
99318,"Samsung",,"1080P","LED","60HZ","","SAMSUNG 32 CLASS LED 1080P 60HZ HDTV","32 CLASS HDTV"
99319,"Dynex",,"720P","LCD","60HZ","","DYNEX 32 CLASS LCD 720P 60HZ HDTV","32 CLASS HDTV"
99320,"Toshiba",,"720P","LED","60HZ","","TOSHIBA 32 CLASS LED 720P 60HZ HDTV","32 CLASS HDTV"
99321,"Dynex",,"720P","LCD","60HZ","","DYNEX 32 CLASS LCD 720P 60HZ HDTV","32 CLASS HDTV"
99322,"Dynex",,"720P","LED","60HZ","","DYNEX 32 CLASS LED 720P 60HZ HDTV","32 CLASS HDTV"
99420,"Pyle",,"1080P","LCD","","PTC42LC","PYLE PTC42LC 42 1080P LCD TV 169 HDTV 1080P","PYLE 42 TV 169 HDTV"
99421,"JVC",,"1080P","LCD","","JLC42BC3000","JVC BLACKCRYSTAL JLC42BC3000 42 1080P LCD TV 169 HDTV 1080P 120 HZ BLACK","JVC BLACKCRYSTAL 42 TV 169 HDTV 120 HZ BLACK"
99422,"Orion",,"1080P","","","SLED4280","ORION SIGNATURE SLED4280 42 1080P LEDLCD TV 169 HDTV 1080P 120 HZ BLACK","SIGNATURE 42 LEDLCD TV 169 HDTV 120 HZ BLACK"
99423,"Haier",,"1080P","LCD","","L42B1180","HAIER CORE L42B1180 42 1080P LCD TV 169 HDTV 1080P BLACK","CORE 42 TV 169 HDTV BLACK"
99424,"ViewSonic",,"1080P","LED","120HZ","","VIEWSONIC 42 CLASS LED 1080P 120HZ HDTV","VIEWSONIC 42 CLASS HDTV"
99425,"RCA",,"1080P","LCD","60HZ","","RCA 42 CLASS LCD 1080P 60HZ HDTV","42 CLASS HDTV"
99426,"Samsung",,"720P","PLASMA","600HZ","","SAMSUNG 43 CLASS PLASMA 720P 600HZ HDTV","43 CLASS HDTV"
99427,"Sony",1199.99,"1080P","LED","120HZ","","SONY 46 CLASS LED 1080P 120HZ SMART HDTV","46 CLASS SMART HDTV"
99428,"Samsung",1199.99,"1080P","LED","240HZ","3D","SAMSUNG REFURBISHED 46 CLASS LED 1080P 240HZ SMART 3D HDTV","REFURBISHED 46 CLASS SMART HDTV"
99429,"Sony",1599.99,"1080P","LED","240HZ","3D","SONY 46 CLASS LED 1080P 240HZ SMART 3D HDTV","46 CLASS SMART HDTV"
99430,"Sony",2099.99,"1080P","LED","240HZ","3D","SONY 46 CLASS LED 1080P 240HZ SMART 3D HDTV","46 CLASS SMART HDTV"
99431,"Samsung",2999.99,"1080P","LED","240HZ","3D","SAMSUNG 46 CLASS LED 1080P 240HZ SMART 3D HDTV","46 CLASS SMART HDTV"
99432,"SunBriteTV",4795.99,"1080P","LCD","60HZ","","SUNBRITETV 46 CLASS LCD 1080P 60HZ OUTDOOR HDTV GRAY","SUNBRITETV 46 CLASS OUTDOOR HDTV GRAY"
99433,"Ciil",4999.99,"1080P","LCD","60HZ","","CIIL ULTRAVIEW 46 CLASS LCD 1080P 60HZ HDTV","CIIL ULTRAVIEW 46 CLASS HDTV"
99434,"Dynex",549.99,"1080P","LCD","60HZ","","DYNEX 46 CLASS LCD 1080P 60HZ HDTV","46 CLASS HDTV"
99435,"Samsung",599.99,"1080P","LCD","60HZ","","SAMSUNG REFURBISHED 46 CLASS LCD 1080P 60HZ HDTV","REFURBISHED 46 CLASS HDTV"
99436,"Sharp",629.99,"1080P","LCD","60HZ","","SHARP 46 CLASS LCD 1080P 60HZ HDTV","46 CLASS HDTV"
99437,"Samsung",649.99,"1080P","LCD","60HZ","","SAMSUNG REFURBISHED 46 CLASS LCD 1080P 60HZ HDTV","REFURBISHED 46 CLASS HDTV"
99438,"Samsung",679.99,"1080P","LCD","120HZ","","SAMSUNG REFURBISHED 46 CLASS LCD 1080P 120HZ HDTV","REFURBISHED 46 CLASS HDTV"
99439,"Sony",699.99,"1080P","LCD","60HZ","","SONY 46 CLASS LCD 1080P 60HZ HDTV","46 CLASS HDTV"
99440,"Samsung",749.99,"1080P","LED","60HZ","","SAMSUNG REFURBISHED 46 CLASS LED 1080P 60HZ HDTV","REFURBISHED 46 CLASS HDTV"
99441,"Samsung",749.99,"1080P","LCD","120HZ","","SAMSUNG REFURBISHED 46 CLASS LCD 1080P 120HZ HDTV","REFURBISHED 46 CLASS HDTV"
99442,"Toshiba",799.99,"1080P","LED","120HZ","","TOSHIBA 46 CLASS LED 1080P 120HZ HDTV","46 CLASS HDTV"
99443,"Toshiba",799.99,"1080P","LCD","120HZ","","TOSHIBA 46 CLASS LCD 1080P 120HZ HDTV","46 CLASS HDTV"
99444,"Samsung",799.99,"1080P","LCD","60HZ","","SAMSUNG 46 CLASS LCD 1080P 60HZ HDTV","46 CLASS HDTV"
99445,"Samsung",799.99,"1080P","LED","120HZ","","SAMSUNG REFURBISHED 46 CLASS LED 1080P 120HZ HDTV","REFURBISHED 46 CLASS HDTV"
99446,"Samsung",929.99,"1080P","LED","60HZ","","SAMSUNG 46 CLASS LED 1080P 60HZ SMART HDTV","46 CLASS SMART HDTV"
99447,"Samsung",979.99,"1080P","LED","120HZ","","SAMSUNG 46 CLASS LED 1080P 120HZ HDTV","46 CLASS HDTV"
99448,"Samsung",999.99,"1080P","LED","240HZ","3D","SAMSUNG REFURBISHED 46 CLASS LED 1080P 240HZ SMART 3D HDTV","REFURBISHED 46 CLASS SMART HDTV"
99449,"Insignia",,"1080P","LCD","60HZ","","INSIGNIA 46 CLASS LCD 1080P 60HZ HDTV","46 CLASS HDTV"
99450,"Samsung",,"1080P","LCD","120HZ","","SAMSUNG 46 CLASS LCD 1080P 120HZ HDTV","46 CLASS HDTV"
99451,"Samsung",,"1080P","LED","120HZ","","SAMSUNG 46 CLASS LED 1080P 120HZ SMART HDTV","46 CLASS SMART HDTV"
99452,"RCA",,"1080P","LCD","60HZ","","RCA 46 CLASS LCD 1080P 60HZ HDTV","46 CLASS HDTV"
99453,"Samsung",,"1080P","LED","120HZ","3D","SAMSUNG 46 CLASS LED 1080P 120HZ SMART 3D HDTV","46 CLASS SMART HDTV"
99454,"Westinghouse",,"1080P","LED","120HZ","","WESTINGHOUSE 46 CLASS LED 1080P 120HZ HDTV","WESTINGHOUSE 46 CLASS HDTV"
99455,"Samsung",,"1080P","LED","120HZ","3D","SAMSUNG 46 CLASS LED 1080P 120HZ SMART 3D HDTV","46 CLASS SMART HDTV"
99456,"Samsung",,"1080P","LED","240HZ","3D","SAMSUNG 46 CLASS LED 1080P 240HZ SMART 3D HDTV","46 CLASS SMART HDTV"
99457,"RCA",,"1080P","LCD","120HZ","","RCA 46 CLASS 1080P 120HZ LCD HDTV","46 CLASS HDTV"
99458,"Samsung",,"1080P","LED","60HZ","","SAMSUNG 46 CLASS LED 1080P 60HZ HDTV","46 CLASS HDTV"
99459,"Haier",,"1080P","","","LE46B1381","HAIER LE46B1381 46 1080P LEDLCD TV 169 HDTV 1080P 120 HZ BLACK","46 LEDLCD TV 169 HDTV 120 HZ BLACK"
99460,"Seiki Digital Inc",,"1080P","LCD","","LC46G82","SEIKI DIGITAL INC LC46G82 46 1080P LCD TV 169 HDTV 1080P","SEIKI DIGITAL INC 46 TV 169 HDTV"
99461,"Samsung",,"1080P","","","HE46A","SAMSUNG SYNCMASTER HE46A 46 1080P LEDLCD TV 169 HDTV 1080P","SYNCMASTER 46 LEDLCD TV 169 HDTV"
99462,"Samsung",,"1080P","","","UN46D7900","SAMSUNG UN46D7900 46 3D 1080P LEDLCD TV 169 HDTV 1080P 240 HZ SILVER","46 LEDLCD TV 169 HDTV 240 HZ SILVER"
99463,"Orion",,"1080P","","","SLED4680","ORION SLED4680 46 1080P LEDLCD TV 169 HDTV 1080P 120 HZ BLACK","46 LEDLCD TV 169 HDTV 120 HZ BLACK"
99464,"Toshiba",,"1080P","","","46VX700U","TOSHIBA REGZA 46VX700U 46 1080P LEDLCD TV 169 HDTV 1080P 120 HZ BLACK","REGZA 46 LEDLCD TV 169 HDTV 120 HZ BLACK"
99465,"Philips",,"1080P","LCD","60HZ","","PHILIPS 46 CLASS LCD 1080P 60HZ HDTV","PHILIPS 46 CLASS HDTV"
99466,"Synnex",,"1080P","","","UN46D6400","SYNNEX UN46D6400 46 3D 1080P LEDLCD TV 169 HDTV 1080P 120 HZ BLACK","SYNNEX 46 LEDLCD TV 169 HDTV 120 HZ BLACK"
99467,"LG",699.99,"1080P","LCD","60HZ","","LG 47 CLASS LCD 1080P 60HZ HDTV","LG 47 CLASS HDTV"
99468,"LG",899.99,"1080P","LCD","120HZ","","LG 47 CLASS LCD 1080P 120HZ HDTV","LG 47 CLASS HDTV"
99469,"Panasonic",999.99,"1080P","LED","120HZ","","PANASONIC VIERA 47 CLASS LED 1080P 120HZ SMART HDTV","VIERA 47 CLASS SMART HDTV"
99470,"LG",,"1080P","LED","120HZ","3D","LG 47 CLASS LED 1080P 120HZ SMART 3D HDTV","LG 47 CLASS SMART HDTV"
99471,"LG",,"1080P","LED","120HZ","3D","LG 47 CLASS LED 1080P 120HZ SMART 3D HDTV","LG 47 CLASS SMART HDTV"
99472,"LG",,"1080P","LED","120HZ","","LG 47 CLASS LED 1080P 120HZ HDTV","LG 47 CLASS HDTV"
99473,"LG",,"1080P","LED","120HZ","3D","LG 47 CLASS LED 1080P 120HZ 3D HDTV","LG 47 CLASS HDTV"
99474,"LG",,"1080P","LED","240HZ","3D","LG 47 CLASS LED 1080P 240HZ SMART 3D HDTV","LG 47 CLASS SMART HDTV"
99475,"LG",,"1080P","LED","120HZ","","LG 47 CLASS LED 1080P 120HZ SMART HDTV","LG 47 CLASS SMART HDTV"
99476,"LG",,"1080P","","","47LE5500","LG 47LE5500 47 1080P LEDLCD TV 169 HDTV 1080P 120 HZ GLOSSY BLACK","LG 47 LEDLCD TV 169 HDTV 120 HZ GLOSSY BLACK"
99477,"LG",,"1080P","","","47LX6500","LG 47LX6500 47 3D 1080P LEDLCD TV 169 HDTV 1080P 240 HZ BLACK","LG 47 LEDLCD TV 169 HDTV 240 HZ BLACK"
99478,"Zenith",549.99,"720P","PLASMA","600HZ","","ZENITH 50 CLASS PLASMA 720P 600HZ HDTV","ZENITH 50 CLASS HDTV"
99479,"Samsung",549.99,"720P","PLASMA","600HZ","","SAMSUNG REFURBISHED 50 CLASS PLASMA 720P 600HZ HDTV","REFURBISHED 50 CLASS HDTV"
99480,"Samsung",649.99,"1080P","PLASMA","600HZ","","SAMSUNG 50 CLASS PLASMA 1080P 600HZ HDTV","50 CLASS HDTV"
99481,"Panasonic",679.99,"720P","PLASMA","600HZ","","PANASONIC 50 CLASS PLASMA 720P 600HZ HDTV","50 CLASS HDTV"
99482,"Samsung",699.99,"1080P","PLASMA","600HZ","","SAMSUNG REFURBISHED 50 CLASS PLASMA 1080P 600HZ HDTV","REFURBISHED 50 CLASS HDTV"
99483,"Panasonic",799.99,"1080P","PLASMA","600HZ","","PANASONIC 50 CLASS PLASMA 1080P 600HZ HDTV","50 CLASS HDTV"
99484,"Samsung",799.99,"1080P","PLASMA","600HZ","","SAMSUNG REFURBISHED 50 CLASS PLASMA 1080P 600HZ SMART HDTV","REFURBISHED 50 CLASS SMART HDTV"
99485,"Samsung",799.99,"1080P","PLASMA","600HZ","","SAMSUNG REFURBISHED 50 CLASS PLASMA 1080P 600HZ SMART HDTV","REFURBISHED 50 CLASS SMART HDTV"
99486,"Samsung",899.99,"1080P","PLASMA","600HZ","3D","SAMSUNG REFURBISHED 50 CLASS PLASMA 1080P 600HZ SMART 3D HDTV","REFURBISHED 50 CLASS SMART HDTV"
99487,"Panasonic",999.99,"1080P","PLASMA","600HZ","3D","PANASONIC VIERA 50 CLASS PLASMA 1080P 600HZ SMART 3D HDTV","VIERA 50 CLASS SMART HDTV"
99488,"Toshiba",999.99,"1080P","LED","120HZ","","TOSHIBA 50 CLASS LED 1080P 120HZ HDTV","50 CLASS HDTV"
99489,"LG",,"720P","PLASMA","600HZ","","LG 50 CLASS PLASMA 720P 600HZ HDTV","LG 50 CLASS HDTV"
99490,"Insignia",,"720P","PLASMA","600HZ","","INSIGNIA 50 CLASS PLASMA 720P 600HZ HDTV","50 CLASS HDTV"
99491,"Panasonic",,"1080P","PLASMA","600HZ","3D","PANASONIC VIERA 50 CLASS PLASMA 1080P 600HZ SMART 3D HDTV","VIERA 50 CLASS SMART HDTV"
99492,"LG",,"1080P","PLASMA","600HZ","3D","LG 50 CLASS PLASMA 1080P 600HZ SMART 3D HDTV","LG 50 CLASS SMART HDTV"
99493,"LG",,"1080P","PLASMA","600HZ","","LG 50 CLASS PLASMA 1080P 600HZ HDTV","LG 50 CLASS HDTV"
99494,"RCA",,"720P","PLASMA","600HZ","","RCA 50 CLASS PLASMA 720P 600HZ HDTV","50 CLASS HDTV"
99495,"Samsung",1499.98,"1080P","PLASMA","600HZ","3D","SAMSUNG 51 CLASS PLASMA 1080P 600HZ SMART 3D HDTV","51 CLASS SMART HDTV"
99496,"Samsung",,"720P","PLASMA","600HZ","","SAMSUNG 51 CLASS PLASMA 720P 600HZ HDTV","51 CLASS HDTV"
99497,"Samsung",,"1080P","PLASMA","600HZ","","SAMSUNG 51 CLASS PLASMA 1080P 600HZ HDTV","51 CLASS HDTV"
99498,"Samsung",,"1080P","PLASMA","600HZ","3D","SAMSUNG 51 CLASS PLASMA 1080P 600HZ SMART 3D HDTV","51 CLASS SMART HDTV"
99499,"Samsung",,"720P","PLASMA","600HZ","3D","SAMSUNG 51 CLASS PLASMA 720P 600HZ 3D HDTV","51 CLASS HDTV"
99500,"Samsung",,"1080P","PLASMA","600HZ","3D","SAMSUNG 51 CLASS PLASMA 1080P 600HZ SMART 3D HDTV","51 CLASS SMART HDTV"
99501,"Samsung",,"1080P","PLASMA","600HZ","3D","SAMSUNG 51 CLASS PLASMA 1080P 600HZ SMART 3D HDTV","51 CLASS SMART HDTV"
99502,"Samsung",,"720P","PLASMA","60HZ","3D","SAMSUNG 51 CLASS PLASMA 720P 60HZ 3D HDTV","51 CLASS HDTV"
99503,"Sharp",1199.99,"1080P","LED","120HZ","","SHARP AQUOS 52 CLASS LED 1080P 120HZ SMART HDTV","AQUOS 52 CLASS SMART HDTV"
99504,"Samsung",,"1080P","LCD","60HZ","","SAMSUNG 52 CLASS LCD 1080P 60HZ HDTV","52 CLASS HDTV"
99505,"Samsung",1149.99,"1080P","LED","60HZ","","SAMSUNG REFURBISHED 55 CLASS LED 1080P 60HZ HDTV","REFURBISHED 55 CLASS HDTV"
99506,"Samsung",1179.99,"1080P","LED","120HZ","","SAMSUNG REFURBISHED 55 CLASS LED 1080P 120HZ HDTV","REFURBISHED 55 CLASS HDTV"
99507,"Samsung",1399.99,"1080P","LED","120HZ","","SAMSUNG 55 CLASS LED 1080P 120HZ HDTV","55 CLASS HDTV"
99508,"Samsung",1399.99,"1080P","LED","240HZ","","SAMSUNG REFURBISHED 55 CLASS LED 1080P 240HZ SMART HDTV","REFURBISHED 55 CLASS SMART HDTV"
99509,"LG",1499.99,"1080P","LED","120HZ","","LG 55 CLASS LED 1080P 120HZ HDTV","LG 55 CLASS HDTV"
99510,"Panasonic",1549.99,"1080P","PLASMA","600HZ","3D","PANASONIC VIERA 55 CLASS PLASMA 1080P 600HZ SMART 3D HDTV","VIERA 55 CLASS SMART HDTV"
99511,"Sony",1799.99,"1080P","LED","120HZ","","SONY 55 CLASS LED 1080P 120HZ SMART HDTV","55 CLASS SMART HDTV"
99512,"Panasonic",1799.99,"1080P","LED","120HZ","3D","PANASONIC 55 CLASS LED 1080P 120HZ 3D HDTV","55 CLASS HDTV"
99513,"Sony",2099.99,"1080P","LED","240HZ","3D","SONY 55 CLASS LED 1080P 240HZ SMART 3D HDTV","55 CLASS SMART HDTV"
99514,"Sony",2599.99,"1080P","LED","240HZ","3D","SONY 55 CLASS LED 1080P 240HZ SMART 3D HDTV","55 CLASS SMART HDTV"
99515,"Sony",3499.98,"1080P","LED","240HZ","3D","SONY BRAVIA 55 CLASS LED 1080P 240HZ SMART 3D HDTV","BRAVIA 55 CLASS SMART HDTV"
99516,"SunBriteTV",6999.99,"1080P","LED","120HZ","","SUNBRITETV 55 CLASS LED 1080P 120HZ OUTDOOR HDTV","SUNBRITETV 55 CLASS OUTDOOR HDTV"
99517,"Ciil",7499.99,"1080P","LCD","120HZ","","CIIL ULTRAVIEW 55 CLASS LCD 1080P 120HZ HDTV","CIIL ULTRAVIEW 55 CLASS HDTV"
99518,"Westinghouse",799.99,"1080P","LCD","120HZ","","WESTINGHOUSE 55 CLASS LCD 1080P 120HZ HDTV","WESTINGHOUSE 55 CLASS HDTV"
99218,"Pyle",169.99,"720P","LCD","","PTC19LC","PYLE PTC19LC 19 720P LCD TV 1610 HDTV","PYLE 19 TV 1610 HDTV"
99219,"Magnavox",174.99,"720P","LCD","","19MF301B","MAGNAVOX 19MF301B 19 720P LCD TV 169 HDTV","MAGNAVOX 19 TV 169 HDTV"
99220,"JVC",179.99,"","","","LT19E610","JVC LT19E610 19 LEDLCD TV 169 HDTV","JVC 19 LEDLCD TV 169 HDTV"
99221,"JVC",179.99,"720P","","","LT19D610","JVC LT19D610 19 TVDVD COMBO HDTV 169 1366 X 768 720P","JVC 19 TVDVD COMBO HDTV 169 1366 X 768"
99222,"Pyle",169.99,"720P","","","PTC20LD","PYLE PTC20LD 19 TVDVD COMBO 1610 1440 X 900 720P","PYLE 19 TVDVD COMBO 1610 1440 X 900"
99223,"Orion",169.99,"720P","","","SLEDVD196","ORION ACCU SLEDVD196 19 TVDVD COMBO HDTV 169 1366 X 768 720P BLACK","ACCU 19 TVDVD COMBO HDTV 169 1366 X 768 BLACK"
99224,"Magnavox",174.99,"720P","","","19MD301B","MAGNAVOX 19MD301B 19 TVDVD COMBO HDTV 169 1366 X 768 720P BLACK","MAGNAVOX 19 TVDVD COMBO HDTV 169 1366 X 768 BLACK"
99225,"LG",179.99,"1080P","","","19LE5300","LG 19LE5300 19 1080P LEDLCD TV 169 120 HZ GLOSSY BLACK","LG 19 LEDLCD TV 169 120 HZ GLOSSY BLACK"
99226,"DH Distributing",179.99,"720P","","","TFDVD1995","DH DISTRIBUTING TFDVD1995 19 TVDVD COMBO 169 1366 X 768 720P","DH DISTRIBUTING 19 TVDVD COMBO 169 1366 X 768"
99227,"Vizio",159.99,"1080P","LED","60HZ","","VIZIO REFURBISHED 22 CLASS LED 1080P 60HZ HDTV","VIZIO REFURBISHED 22 CLASS HDTV"
99228,"Westinghouse",199.99,"720P","LCD","60HZ","","WESTINGHOUSE 22 CLASS LCD 720P 60HZ HDTV","WESTINGHOUSE 22 CLASS HDTV"
99229,"Coby",199.99,"1080P","LED","60HZ","","COBY 22 CLASS LED 1080P 60HZ HDTV","22 CLASS HDTV"
99230,"Philips",209.99,"720P","LED","60HZ","","PHILIPS 4000 SERIES 22 CLASS LED 720P 60HZ HDTV","PHILIPS 4000 SERIES 22 CLASS HDTV"
99231,"Samsung",249.99,"1080P","LED","60HZ","","SAMSUNG 22 CLASS LED 1080P 60HZ HDTV","22 CLASS HDTV"
99232,"Philips",249.99,"720P","LED","60HZ","","PHILIPS 4000 SERIES 22 CLASS LED 720P 60HZ SMART HDTV","PHILIPS 4000 SERIES 22 CLASS SMART HDTV"
99233,"LG",299.99,"720P","LED","60HZ","","LG 22 CLASS LED 720P 60HZ HDTV","LG 22 CLASS HDTV"
99234,"Westinghouse",209.99,"1080P","LED","60HZ","","WESTINGHOUSE 22 CLASS LED 1080P 60HZ HDTV","WESTINGHOUSE 22 CLASS HDTV"
99235,"Haier",249.99,"720P","LCD","","L22B1120","HAIER L22B1120 22 720P LCD TV 169 HDTV BLACK","22 TV 169 HDTV BLACK"
99236,"Orion",249.99,"1080P","","","SLED2282","ORION ACCU SLED2282 22 1080P LEDLCD TV 169 HDTV 1080P WHITE","ACCU 22 LEDLCD TV 169 HDTV WHITE"
99237,"Sansui",249.99,"720P","LCD","","HDLCD2212","SANSUI HDLCD2212 22 720P LCD TV 169 HDTV 1080P BLACK","SANSUI 22 TV 169 HDTV BLACK"
99238,"Orion",249.99,"1080P","","","SLED2280","ORION SIGNATURE SLED2280 22 1080P LEDLCD TV 169 HDTV 1080P BLACK","SIGNATURE 22 LEDLCD TV 169 HDTV BLACK"
99239,"Orion",249.99,"1080P","","","SLEDVD226","ORION ACCU SLEDVD226 22 TVDVD COMBO HDTV 1080P 169 1920 X 1080 1080P BLACK","ACCU 22 TVDVD COMBO HDTV 169 1920 X 1080 BLACK"
99240,"LG",249.99,"1080P","","","M2280D","LG M2280D 22 1080P LEDLCD TV 169 HDTV 1080P GLOSSY BLACK","LG 22 LEDLCD TV 169 HDTV GLOSSY BLACK"
99241,"Pyle",249.99,"720P","","","PTC23LD","PYLE PTC23LD 22 TVDVD COMBO HDTV 169 1366 X 768 720P","PYLE 22 TVDVD COMBO HDTV 169 1366 X 768"
99242,"Pyle",,"720P","LCD","","PTC22LC","PYLE PTC22LC 22 720P LCD TV 169","PYLE 22 TV 169"
99243,"Orion",,"1080P","","","SLED2228","ORION ACCU SLED2228 22 1080P LEDLCD TV 169 HDTV 1080P BLACK","ACCU 22 LEDLCD TV 169 HDTV BLACK"
99244,"RCA",,"1080P","LCD","60HZ","","RCA 22 CLASS LCD 1080P 60HZ HDTV DVD COMBO","22 CLASS HDTV DVD COMBO"
99245,"RCA",,"1080P","LCD","60HZ","","RCA 22 CLASS LCD 1080P 60HZ HDTV","22 CLASS HDTV"
99246,"LG",,"720P","LED","60HZ","","LG 22 CLASS LED 720P 60HZ HDTV","LG 22 CLASS HDTV"
99247,"Coby",,"720P","LCD","","TFTV2225","COBY TFTV2225 22 720P LCD TV 169 HDTV","22 TV 169 HDTV"
99248,"Coby",,"720P","","","TFDVD2295","COBY TFDVD2295 22 TVDVD COMBO 169 1366 X 768 720P","22 TVDVD COMBO 169 1366 X 768"
99249,"Coby",259.99,"1080P","LED","60HZ","","COBY 23 CLASS LED 1080P 60HZ HDTV","23 CLASS HDTV"
99250,"Coby",299.99,"1080P","LCD","60HZ","","COBY 23 CLASS LCD 1080P 60HZ HDTV DVD COMBO","23 CLASS HDTV DVD COMBO"
99251,"Coby",,"1080P","LED","60HZ","","COBY 23 CLASS LED 1080P 60HZ HDTV","23 CLASS HDTV"
99252,"RCA",159.99,"1080P","LED","60HZ","","RCA REFURBISHED 24 CLASS LED 1080P 60HZ HDTV","REFURBISHED 24 CLASS HDTV"
99253,"Insignia",169.99,"1080P","LCD","60HZ","","INSIGNIA 24 CLASS LCD 1080P 60HZ HDTV","24 CLASS HDTV"
99254,"Affinity",189.99,"1080P","LED","60HZ","","AFFINITY 24 CLASS LED 1080P 60HZ HDTV","AFFINITY 24 CLASS HDTV"
99255,"Coby",189.99,"1080P","LCD","60HZ","","COBY 24 CLASS LCD 1080P 60HZ HDTV DVD COMBO","24 CLASS HDTV DVD COMBO"
99256,"Viore",199.99,"1080P","LCD","60HZ","","VIORE 24 CLASS LCD 1080P 60HZ HDTV","VIORE 24 CLASS HDTV"
99257,"Haier",214.99,"1080P","LCD","","L24B1180","HAIER L24B1180 24 1080P LCD TV 169 HDTV 1080P BLACK","24 TV 169 HDTV BLACK"
99258,"Insignia",229.99,"1080P","LCD","60HZ","","INSIGNIA 24 CLASS LCD 1080P 60HZ HDTV DVD COMBO","24 CLASS HDTV DVD COMBO"
99259,"Westinghouse",229.99,"1080P","LED","60HZ","","WESTINGHOUSE 24 CLASS LED 1080P 60HZ HDTV","WESTINGHOUSE 24 CLASS HDTV"
99260,"Viore",229.99,"1080P","LCD","60HZ","","VIORE 24 CLASS LCD 1080P 60HZ HDTV DVD COMBO","VIORE 24 CLASS HDTV DVD COMBO"
99261,"Toshiba",249.99,"1080P","LED","60HZ","","TOSHIBA 24 CLASS LED 1080P 60HZ HDTV","24 CLASS HDTV"
99262,"Affinity",249.99,"1080P","LED","60HZ","","AFFINITY 24 CLASS LED 1080P 60HZ HDTV DVD COMBO","AFFINITY 24 CLASS HDTV DVD COMBO"
99263,"Toshiba",299.99,"1080P","LED","60HZ","","TOSHIBA 24 CLASS LED 1080P 60HZ HDTV DVD COMBO","24 CLASS HDTV DVD COMBO"
99264,"Toshiba",329.99,"1080P","LED","60HZ","","TOSHIBA 24 CLASS LED 1080P 60HZ HDTV DVD COMBO","24 CLASS HDTV DVD COMBO"
99265,"Dynex",,"1080P","LCD","60HZ","","DYNEX 24 CLASS LCD 1080P 60HZ HDTV DVD COMBO","24 CLASS HDTV DVD COMBO"
99266,"Insignia",,"1080P","LED","60HZ","","INSIGNIA 24 CLASS LED 1080P 60HZ HDTV","24 CLASS HDTV"
99267,"Toshiba",,"1080P","LED","60HZ","","TOSHIBA 24 CLASS LED 1080P 60HZ HDTV","24 CLASS HDTV"
99268,"Viore",,"1080P","LED","60HZ","","VIORE 24 CLASS LED 1080P 60HZ HDTV DVD COMBO","VIORE 24 CLASS HDTV DVD COMBO"
99269,"Haier",,"1080P","","","LEC24B1380","HAIER LEC24B1380 24 TVDVD COMBO HDTV 1080P 169 1920 X 1080 1080P BLACK","24 TVDVD COMBO HDTV 169 1920 X 1080 BLACK"
99270,"Viore",,"1080P","LED","60HZ","","VIORE 24 CLASS LED 1080P 60HZ HDTV","VIORE 24 CLASS HDTV"
99271,"Seiki Digital Inc",,"1080P","LCD","","LC24G82","SEIKI DIGITAL INC LC24G82 24 1080P LCD TV 169 HDTV 1080P","SEIKI DIGITAL INC 24 TV 169 HDTV"
99272,"Orion",,"1080P","","","SLED2480","ORION SIGNATURE SLED2480 24 1080P LEDLCD TV 169 HDTV 1080P BLACK","SIGNATURE 24 LEDLCD TV 169 HDTV BLACK"
99273,"Haier",,"1080P","","","LE24B13800","HAIER LE24B13800 24 1080P LEDLCD TV 169 HDTV 1080P BLACK","24 LEDLCD TV 169 HDTV BLACK"
99274,"Haier",,"1080P","","","LE24C1380","HAIER LE24C1380 24 1080P LEDLCD TV 169 BLACK","24 LEDLCD TV 169 BLACK"
99275,"Coby",189.99,"720P","LCD","60HZ","","COBY REFURBISHED 26 CLASS LCD 720P 60HZ HDTV","REFURBISHED 26 CLASS HDTV"
99276,"RCA",229.99,"720P","LCD","60HZ","","RCA 26 CLASS LCD 720P 60HZ HDTV","26 CLASS HDTV"
99277,"Philips",289.99,"720P","LED","60HZ","","PHILIPS 4000 SERIES 26 CLASS LED 720P 60HZ HDTV","PHILIPS 4000 SERIES 26 CLASS HDTV"
99278,"Samsung",299.99,"720P","LED","60HZ","","SAMSUNG 26 CLASS LED 720P 60HZ HDTV","26 CLASS HDTV"
99279,"LG",299.99,"720P","LED","60HZ","","LG 26 CLASS LED 720P 60HZ HDTV","LG 26 CLASS HDTV"
99280,"Samsung",299.99,"720P","LED","60HZ","","SAMSUNG 26 CLASS LED 720P 60HZ HDTV","26 CLASS HDTV"
99281,"Philips",299.99,"720P","LED","60HZ","","PHILIPS 4000 SERIES 26 CLASS LED 720P 60HZ SMART HDTV","PHILIPS 4000 SERIES 26 CLASS SMART HDTV"
99282,"LG",,"720P","LED","60HZ","","LG 26 CLASS LED 720P 60HZ HDTV","LG 26 CLASS HDTV"
99283,"Sharp",,"1080P","LCD","60HZ","","SHARP 26 CLASS LCD 1080P 60HZ HDTV","26 CLASS HDTV"
99519,"Samsung",899.99,"1080P","LCD","120HZ","","SAMSUNG REFURBISHED 55 CLASS LCD 1080P 120HZ HDTV","REFURBISHED 55 CLASS HDTV"
99520,"Samsung",999.99,"1080P","LCD","120HZ","","SAMSUNG REFURBISHED 55 CLASS LCD 1080P 120HZ HDTV","REFURBISHED 55 CLASS HDTV"
99521,"Dynex",,"1080P","LCD","120HZ","","DYNEX 55 CLASS LCD 1080P 120HZ HDTV","55 CLASS HDTV"
99522,"Samsung",,"1080P","LED","120HZ","3D","SAMSUNG 55 CLASS LED 1080P 120HZ SMART 3D HDTV","55 CLASS SMART HDTV"
99523,"Samsung",,"1080P","LED","240HZ","3D","SAMSUNG 55 CLASS LED 1080P 240HZ SMART 3D HDTV","55 CLASS SMART HDTV"
99524,"Samsung",,"1080P","LED","120HZ","","SAMSUNG 55 CLASS LED 1080P 120HZ SMART HDTV","55 CLASS SMART HDTV"
99525,"LG",,"1080P","LED","120HZ","3D","LG 55 CLASS LED 1080P 120HZ SMART 3D HDTV","LG 55 CLASS SMART HDTV"
99526,"Samsung",,"1080P","LED","240HZ","3D","SAMSUNG 55 CLASS LED 1080P 240HZ SMART 3D HDTV","55 CLASS SMART HDTV"
99527,"Insignia",,"1080P","LED","120HZ","","INSIGNIA 55 CLASS LED 1080P 120HZ HDTV","55 CLASS HDTV"
99528,"Samsung",,"1080P","LED","240HZ","3D","SAMSUNG 55 CLASS LED 1080P 240HZ SMART 3D HDTV","55 CLASS SMART HDTV"
99529,"Samsung",,"1080P","LED","120HZ","","SAMSUNG 55 CLASS LED 1080P 120HZ SMART HDTV","55 CLASS SMART HDTV"
99530,"Samsung",,"1080P","LED","120HZ","3D","SAMSUNG 55 CLASS LED 1080P 120HZ SMART 3D HDTV","55 CLASS SMART HDTV"
99531,"Samsung",,"1080P","LED","240HZ","3D","SAMSUNG 55 CLASS LED 1080P 240HZ SMART 3D HDTV","55 CLASS SMART HDTV"
99532,"LG",,"1080P","LED","240HZ","3D","LG 55 CLASS LED 1080P 240HZ SMART 3D HDTV","LG 55 CLASS SMART HDTV"
99533,"LG",,"1080P","LED","120HZ","3D","LG 55 CLASS LED 1080P 120HZ 3D HDTV","LG 55 CLASS HDTV"
99534,"Panasonic",,"1080P","PLASMA","600HZ","3D","PANASONIC VIERA 55 CLASS PLASMA 1080P 600HZ SMART 3D HDTV","VIERA 55 CLASS SMART HDTV"
99535,"Insignia",,"1080P","LED","120HZ","","INSIGNIA 55 CLASS LED 1080P 120HZ HDTV","55 CLASS HDTV"
99536,"LG",,"1080P","LED","120HZ","3D","LG 55 CLASS LED 1080P 120HZ SMART 3D HDTV","LG 55 CLASS SMART HDTV"
99537,"Westinghouse",,"1080P","LED","120HZ","","WESTINGHOUSE 55 CLASS LED 1080P 120HZ HDTV","WESTINGHOUSE 55 CLASS HDTV"
99538,"Coby",,"1080P","","","LEDTV5536","COBY LEDTV5536 55 1080P LEDLCD TV 169 HDTV 1080P 120 HZ","55 LEDLCD TV 169 HDTV 120 HZ"
99539,"LG",,"1080P","","","55LE5500","LG 55LE5500 55 1080P LEDLCD TV 169 HDTV 1080P 120 HZ GLOSSY BLACK","LG 55 LEDLCD TV 169 HDTV 120 HZ GLOSSY BLACK"
99540,"Nexus",,"1080P","LED","120HZ","","NEXUS 55 CLASS LED 1080P 120HZ HDTV BLACK","NEXUS 55 CLASS HDTV BLACK"
99541,"LG",,"1080P","LCD","","55LH85","LG 55LH85 55 1080P LCD TV 169 HD READY 1080P","LG 55 TV 169 HD READY"
99542,"Toshiba",,"1080P","","","55VX700","TOSHIBA CINEMA 55VX700 55 1080P LEDLCD TV 169 HDTV 1080P 120 HZ BLACK","CINEMA 55 LEDLCD TV 169 HDTV 120 HZ BLACK"
99543,"Samsung",,"1080P","","","UN55D6400","SAMSUNG UN55D6400 55 3D 1080P LEDLCD TV 169 HDTV 1080P 120 HZ BLACK","55 LEDLCD TV 169 HDTV 120 HZ BLACK"
99544,"Toshiba",,"1080P","LED","120HZ","","TOSHIBA 55 CLASS LED 1080P 120HZ SMART HDTV","55 CLASS SMART HDTV"
99545,"Samsung",1299.99,"1080P","PLASMA","600HZ","3D","SAMSUNG REFURBISHED 58 CLASS PLASMA 1080P 600HZ SMART 3D HDTV","REFURBISHED 58 CLASS SMART HDTV"
99546,"Samsung",1399.99,"1080P","PLASMA","600HZ","3D","SAMSUNG REFURBISHED 58 CLASS PLASMA 1080P 600HZ SMART 3D HDTV","REFURBISHED 58 CLASS SMART HDTV"
99547,"Samsung",999.99,"1080P","PLASMA","600HZ","","SAMSUNG REFURBISHED 58 CLASS PLASMA 1080P 600HZ HDTV","REFURBISHED 58 CLASS HDTV"
99548,"Sharp",1099.99,"1080P","LCD","120HZ","","SHARP AQUOS 60 CLASS LCD 1080P 120HZ HDTV","AQUOS 60 CLASS HDTV"
99549,"Sharp",1499.99,"1080P","LED","120HZ","","SHARP AQUOS 60 CLASS LED 1080P 120HZ SMART HDTV","AQUOS 60 CLASS SMART HDTV"
99550,"Sharp",1799.99,"1080P","LED","120HZ","3D","SHARP AQUOS 60 CLASS LED 1080P 120HZ SMART 3D HDTV","AQUOS 60 CLASS SMART HDTV"
99551,"Sharp",2099.99,"1080P","LED","240HZ","3D","SHARP AQUOS QUATTRON 60 CLASS LED 1080P 240HZ SMART 3D HDTV","AQUOS QUATTRON 60 CLASS SMART HDTV"
99552,"LG",2599.99,"1080P","LED","120HZ","","LG 60 CLASS LED 1080P 120HZ SMART HDTV","LG 60 CLASS SMART HDTV"
99553,"Elite",5499.98,"1080P","LED","240HZ","3D","ELITE 60 CLASS LED 1080P 240HZ SMART 3D HDTV","ELITE 60 CLASS SMART HDTV"
99554,"Mitsubishi",999.99,"1080P","DLP","60HZ","3D","MITSUBISHI HOME CINEMA 60 CLASS DLP 1080P 60HZ 3D HDTV","MITSUBISHI HOME CINEMA 60 CLASS HDTV"
99555,"LG",,"1080P","PLASMA","600HZ","","LG 60 CLASS PLASMA 1080P 600HZ HDTV","LG 60 CLASS HDTV"
99556,"Samsung",,"1080P","PLASMA","600HZ","","SAMSUNG 60 CLASS PLASMA 1080P 600HZ HDTV","60 CLASS HDTV"
99557,"Samsung",,"1080P","LED","120HZ","","SAMSUNG 60 CLASS LED 1080P 120HZ SMART HDTV","60 CLASS SMART HDTV"
99558,"Samsung",,"1080P","LED","240HZ","3D","SAMSUNG 60 CLASS LED 1080P 240HZ SMART 3D HDTV","60 CLASS SMART HDTV"
99323,"Samsung",,"1080P","LED","120HZ","","SAMSUNG 32 CLASS LED 1080P 120HZ SMART HDTV","32 CLASS SMART HDTV"
99324,"Coby",,"720P","LED","60HZ","","COBY 32 CLASS LED 720P 60HZ HDTV","32 CLASS HDTV"
99325,"Dynex",,"720P","LCD","60HZ","","DYNEX 32 CLASS 720P 60HZ LCD HDTV","32 CLASS HDTV"
99326,"Ario",,"","","","HE3270","ARIO HE3270 32 LEDLCD TV 169 HDTV","ARIO 32 LEDLCD TV 169 HDTV"
99327,"Ario",,"720P","LCD","","HC3269","ARIO HC3269 32 720P LCD TV 169 HDTV","ARIO 32 TV 169 HDTV"
99328,"LG",,"720P","","","32LV3400","LG 32LV3400 32 720P LEDLCD TV 169 HDTV","LG 32 LEDLCD TV 169 HDTV"
99329,"Haier",,"720P","LCD","60HZ","","HAIER 32 CLASS LCD 720P 60HZ HDTV","32 CLASS HDTV"
99330,"Panasonic",,"","LCD","","TH32LRH30U","PANASONIC TH32LRH30U 32 LCD TV 169 HDTV MATTE BLACK","32 TV 169 HDTV MATTE BLACK"
99331,"Panasonic",,"720P","LCD","","TH32LRU30","PANASONIC TH32LRU30 32 720P LCD TV 169 HDTV MATTE BLACK","32 TV 169 HDTV MATTE BLACK"
99332,"Magnavox",,"720P","","","32MD301B","MAGNAVOX 32MD301B 32 TVDVD COMBO HDTV 169 1366 X 768 720P","MAGNAVOX 32 TVDVD COMBO HDTV 169 1366 X 768"
99333,"Magnavox",,"720P","LCD","","32MF301B","MAGNAVOX 32MF301B 32 720P LCD TV 169 HDTV","MAGNAVOX 32 TV 169 HDTV"
99334,"Curtis",,"720P","LCD","","LCD3227A","CURTIS LCD3227A 32 720P LCD TV 169 HDTV","CURTIS 32 TV 169 HDTV"
99335,"Haier",,"720P","LCD","60HZ","","HAIER 32 CLASS LCD 720P 60HZ HDTV","32 CLASS HDTV"
99336,"Seiki Digital Inc",,"720P","LCD","","LC32B56","SEIKI DIGITAL INC LC32B56 32 720P LCD TV 169 HDTV","SEIKI DIGITAL INC 32 TV 169 HDTV"
99337,"Orion",,"1080P","","","SLED3280","ORION SIGNATURE SLED3280 32 1080P LEDLCD TV 169 HDTV 1080P BLACK","SIGNATURE 32 LEDLCD TV 169 HDTV BLACK"
99338,"Dynex",,"1080P","LCD","60HZ","","DYNEX 32 CLASS LCD 1080P 60HZ HDTV","32 CLASS HDTV"
99339,"Orion",,"720P","","","SLED3228","ORION ACCU SLED3228 32 720P LEDLCD TV 169 HDTV BLACK","ACCU 32 LEDLCD TV 169 HDTV BLACK"
99340,"Orion",,"720P","LCD","","HDLCD3250","ORION HDLCD3250 32 720P LCD TV 169 HDTV BLACK","32 TV 169 HDTV BLACK"
99341,"Haier",,"720P","LCD","","L32B1120","HAIER L32B1120 32 720P LCD TV 169 BLACK","32 TV 169 BLACK"
99342,"ViewSonic",,"720P","LED","60HZ","","VIEWSONIC 32 CLASS LED 720P 60HZ HDTV","VIEWSONIC 32 CLASS HDTV"
99343,"RCA",,"720P","LCD","60HZ","","RCA 32 CLASS LCD 720P 60HZ HDTV","32 CLASS HDTV"
99344,"Coby",,"720P","LED","60HZ","","COBY 32 CLASS LED 720P 60HZ HDTV","32 CLASS HDTV"
99345,"Toshiba",399.99,"1080P","LCD","60HZ","","TOSHIBA REFURBISHED 37 CLASS 1080P 60HZ LCD HDTV","REFURBISHED 37 CLASS HDTV"
99346,"LG",449.99,"1080P","LCD","60HZ","","LG 37 CLASS LCD 1080P 60HZ HDTV","LG 37 CLASS HDTV"
99347,"Panasonic",549.99,"1080P","LCD","60HZ","","PANASONIC VIERA 37 CLASS LCD 1080P 60HZ HDTV","VIERA 37 CLASS HDTV"
99348,"Dynex",,"720P","LCD","60HZ","","DYNEX 37 CLASS LCD 720P 60HZ HDTV","37 CLASS HDTV"
99349,"Samsung",,"1080P","LCD","60HZ","","SAMSUNG 37 CLASS LCD 1080P 60HZ HDTV","37 CLASS HDTV"
99350,"Westinghouse",,"1080P","LCD","60HZ","","WESTINGHOUSE 37 CLASS LCD 1080P 60HZ HDTV","WESTINGHOUSE 37 CLASS HDTV"
99351,"Insignia",,"1080P","LCD","60HZ","","INSIGNIA 37 CLASS LCD 1080P 60HZ HDTV","37 CLASS HDTV"
99352,"Sansui",,"","LCD","","HDLCD3700","SANSUI HDLCD3700 37 LCD TV 169","SANSUI 37 TV 169"
99353,"Vizio",,"1080P","LCD","","E371VA","VIZIO E371VA 37 1080P LCD TV 169 HDTV 1080P 120 HZ","VIZIO 37 TV 169 HDTV 120 HZ"
99354,"Haier",449.99,"1080P","LCD","","L39B2180","HAIER L39B2180 39 1080P LCD TV 169 HDTV 1080P BLACK","39 TV 169 HDTV BLACK"
99355,"Insignia",,"1080P","LCD","60HZ","","INSIGNIA 39 CLASS LCD 1080P 60HZ HDTV","39 CLASS HDTV"
99356,"Sharp",1099.99,"1080P","LED","120HZ","","SHARP AQUOS QUATTRON 40 CLASS LED 1080P 120HZ SMART HDTV","AQUOS QUATTRON 40 CLASS SMART HDTV"
99357,"Affinity",349.99,"1080P","LCD","60HZ","","AFFINITY 40 CLASS LCD 1080P 60HZ HDTV","AFFINITY 40 CLASS HDTV"
99358,"Ciil",4199.99,"1080P","LCD","60HZ","","CIIL ULTRAVIEW 40 CLASS LCD 1080P 60HZ HDTV","CIIL ULTRAVIEW 40 CLASS HDTV"
99359,"Toshiba",449.99,"1080P","LCD","60HZ","","TOSHIBA 40 CLASS LCD 1080P 60HZ HDTV","40 CLASS HDTV"
99360,"Samsung",449.99,"1080P","LCD","60HZ","","SAMSUNG REFURBISHED 40 CLASS LCD 1080P 60HZ HDTV","REFURBISHED 40 CLASS HDTV"
99361,"Sony",499.99,"1080P","LCD","60HZ","","SONY 40 CLASS LCD 1080P 60HZ HDTV","40 CLASS HDTV"
99362,"Westinghouse",499.99,"1080P","LED","120HZ","","WESTINGHOUSE 40 CLASS LED 1080P 120HZ HDTV","WESTINGHOUSE 40 CLASS HDTV"
99363,"Samsung",499.99,"1080P","LCD","120HZ","","SAMSUNG REFURBISHED 40 CLASS LCD 1080P 120HZ HDTV","REFURBISHED 40 CLASS HDTV"
99364,"Samsung",499.99,"1080P","LCD","120HZ","","SAMSUNG REFURBISHED 40 CLASS LCD 1080P 120HZ HDTV","REFURBISHED 40 CLASS HDTV"
99365,"Samsung",539.99,"1080P","LED","60HZ","","SAMSUNG REFURBISHED 40 CLASS LED 1080P 60HZ HDTV","REFURBISHED 40 CLASS HDTV"
99366,"Toshiba",599.99,"1080P","LED","120HZ","","TOSHIBA 40 CLASS LED 1080P 120HZ HDTV","40 CLASS HDTV"
99367,"Samsung",679.99,"1080P","LED","60HZ","","SAMSUNG 40 CLASS LED 1080P 60HZ HDTV","40 CLASS HDTV"
99368,"Sony",899.99,"1080P","LED","120HZ","","SONY 40 CLASS LED 1080P 120HZ SMART HDTV","40 CLASS SMART HDTV"
